TimeStamp,outlier,0,1,2,3,4,5,6,7,8,9
2020-01-01 00:00:00.000000000,0.2310264679921102,0.44063911993058674,-0.16760383125797168,-0.1490807268596313,-0.21844220479946155,-0.4283160349326569,-0.2420471086366185,-0.13742523559812958,-0.17163643244703286,-0.12415172499858837,0.1703801937232464
2020-01-01 11:39:45.542168576,-0.7298714144495497,-0.4238991074005281,0.2919057979536444,0.4495003904561224,0.508535144574433,0.0423907853763478,0.1935093297693412,-0.26109366295252295,0.22083947386967068,0.4753239433580675,0.4271685617164808
2020-01-01 23:19:31.084337408,1.1419626335022635,0.6771265631096248,0.5709135756944793,0.6233820065141255,0.8781053350016208,0.6606178023447428,-0.013741924459572119,0.36926811445257124,0.8593988419009824,0.6950490430200444,0.3523367231232946
2020-01-02 10:59:16.626505984,0.6978849939587523,0.708953704329574,0.2634659203026951,0.5311201040564113,0.3365904683238595,0.43186049520193115,0.809972519885241,0.577471626323249,1.1297347915982434,0.5018441834068997,0.03824926575382126
2020-01-02 22:39:02.168674816,1.6279587534598328,0.22552229116390404,0.7409077105835817,0.50430851331274,0.028197166362893933,0.44796656762275805,0.5655257930763075,0.8858570498026117,0.14246746802141064,0.5299413520564487,0.6913982580939915
2020-01-03 10:18:47.710843392,0.40774286967967405,0.8760708450889272,0.5639682376936661,0.9388414954477557,0.4959190066191753,0.4979489757393213,0.6899547149056326,0.938924296352264,0.5657263021242759,0.6848858767649085,1.2229236401190626
2020-01-03 21:58:33.253011968,1.659404563462302,1.0722499662736948,1.0597673663062284,1.4922194134591686,1.0851828554564693,0.7231885945620201,0.34310318115200733,0.9102407725529268,0.6765145506565584,0.7290659416287637,1.5399967956256362
2020-01-04 09:38:18.795180800,0.8722849825647357,0.9814986326817986,0.7567693665841745,0.5281481437800376,0.9679220454186763,0.7553181850397526,0.9021195813349596,1.1393833159918023,0.820009480018155,1.0241827164640758,1.1321574996573402
2020-01-04 21:18:04.337349376,0.8063435218681685,0.5329372507587354,0.9614574955656178,1.0053131776361526,0.9829780767623828,1.0183636817135877,1.4424626717534381,1.0313750095652388,1.0434124521777408,0.733133860396599,1.1963439901681012
2020-01-05 08:57:49.879517952,0.9219288893393396,0.32776089875353187,1.1268653555464418,0.8067236391296992,0.7419366832521067,0.9033631095277314,0.9231771594684572,0.874961632476474,0.9839295220019592,1.1499684480773285,1.2304208113690125
2020-01-05 20:37:35.421686784,-0.5107958087627184,1.1637136598439004,0.8749605940379966,0.7041094587052996,0.9364700137131048,1.0600199347445665,1.0417815913588737,1.3463185420336872,0.963701719598867,1.3486627974100702,1.508499919958421
2020-01-06 08:17:20.963855360,0.9805892967631579,0.5152671854032865,0.840496769669733,0.5544211637028519,0.8752215870169382,1.2269052431468868,0.9863228596551132,1.0013992064961719,0.875299271367742,1.0449960777231735,1.0924593279964332
2020-01-06 19:57:06.506024192,1.0477574584677432,0.739641277467513,1.0061245183568666,0.9361411378184563,0.9525025392056057,0.8721367249955401,1.1957554227642606,0.9743300971614023,1.6775197600068055,0.8422241844215684,0.858957455945627
2020-01-07 07:36:52.048192768,0.7958357102300702,1.200969625751811,0.5411579849861972,1.7714904215929133,0.7056591346506114,0.9116756420628489,1.3394021041916315,0.45119603058555946,0.8680355741226308,1.741076629290808,0.6736972227886471
2020-01-07 19:16:37.590361344,1.3975060322589181,1.049520679847461,1.116284053718814,0.7673446561468253,0.9806475566349119,0.9321373480279425,1.1798382684213038,1.1771729078303932,0.5822650116315591,1.2639247516752474,1.4603365838225921
2020-01-08 06:56:23.132530176,2.014613513801125,0.9139427603505156,1.3053728520295669,0.5630568961938824,1.0861773858604848,0.8532318303498012,0.8191806299705456,1.3676633568904197,0.9202608541324935,0.4715220894403086,0.552883415918842
2020-01-08 18:36:08.674698752,-0.6696649624596406,0.8070392640784074,0.8369336803407429,1.1295235687614573,0.874270619833633,1.2164254570537547,0.45022333117255114,1.3153046915254398,1.1605521473782838,0.5846706582831691,0.4868094595692213
2020-01-09 06:15:54.216867584,1.0310029079266494,0.5545299197191835,1.2036880087546922,0.697790851966238,1.2089206472325396,1.0737712151281709,1.1804755876880189,0.817276145802689,0.6348335647647665,1.1924543981960372,0.892869993021586
2020-01-09 17:55:39.759036160,0.3520536489774097,0.7979811831105783,0.40235861509908033,1.0674593860386064,0.8656993926044906,0.6452470295007924,0.9995506440988606,0.522966237233705,0.6843750320280757,0.9130646657092089,0.724307837780885
2020-01-10 05:35:25.301204736,1.4996033051863398,0.5412039087632623,0.9664622968122667,0.7406523860300218,0.9802486585835517,0.725880338448304,0.24530803882690522,0.8736385219090608,0.9644240716791153,0.08402434699610573,0.5538873965668482
2020-01-10 17:15:10.843373568,0.31061568492197483,0.943689342599602,0.6665542272941622,0.9788676808804088,0.40766150176817884,0.8359269882574708,0.642488516439,1.0177427933197258,0.526253560532561,0.5913038859679769,0.23497264219615988
2020-01-11 04:54:56.385542144,1.721771200705596,0.6322769770993018,0.734657643884967,0.8975143471939322,0.3065376460140867,0.562558764786378,0.8621656991837443,1.400600640336347,0.44397431748875765,0.6335025530364176,1.0914999924227686
2020-01-11 16:34:41.927710720,-0.3189162393117021,0.6054588219208566,0.3401819041839025,0.8580375485114358,0.14267482386257047,0.6948021757686548,0.4098621300401328,0.24482750747810866,1.0144491672337308,0.9920182704804972,0.2414064929870227
2020-01-12 04:14:27.469879552,-0.007462545449041014,0.5761976835681192,0.6079253343450357,0.29823326750107676,0.618380208263918,0.9447327234821483,0.405044487296667,0.7442585928968172,0.3217652365774852,0.03872962153979148,0.4262741126333151
2020-01-12 15:54:13.012048128,0.5597688762622868,-0.20285223994296797,-0.11306440322167854,0.36875065946128127,0.8863295541402338,0.47963363134657083,-0.061326117775027444,0.7240569409205919,0.4665743789519065,0.4531653962057278,0.3481964431654256
2020-01-13 03:33:58.554216960,-0.3226540154858859,0.5296631733856837,0.46372851181106955,0.12475185336097282,0.4079467356353824,0.0834718113518671,0.46745950012912557,0.5484234021337385,-0.2995392475320111,0.3705702758591316,0.6604588639857053
2020-01-13 15:13:44.096385536,-0.8710103505334016,-0.17845630016261246,0.3609144464681731,-0.04377850148916834,0.06913583006668518,0.02609675905867556,0.05729166317787181,0.1750931619211949,0.5635937993284758,0.07876468977594273,-0.06798715858166035
2020-01-14 02:53:29.638554112,0.5218067901809915,-0.46334530896481274,0.17646618312578355,-0.3837159780251183,-0.10956715827789949,-0.08769902377990277,0.15999597491883844,-0.03603597067150824,0.019643528793981124,-0.12627929996479886,-0.6049127838092723
2020-01-14 14:33:15.180722944,-0.8441828678245007,0.12632747519509324,-0.4321784278363182,-0.3774806300621786,0.17754287827571025,0.25706421183961164,-0.20701715636931328,-0.4150666670929427,-0.3458235263365076,-0.3206762537672447,0.04440024298051487
2020-01-15 02:13:00.722891520,-0.5192998714137599,-0.2663372046015434,-0.1694415711049453,-0.9620440677221697,-1.1515826182117352,-0.16415523249690156,-0.7621211411855375,-0.5857906258754001,-0.7507455557273636,-0.23508490509490543,-0.5638018430238078
2020-01-15 13:52:46.265060352,-0.3837486928376642,-0.8261061509416537,-0.31977406486633203,-0.6086954615841079,-0.5402864093908126,-0.8114164506339827,-0.48164781337280016,-1.0760112842336902,-0.6327641782038108,-0.5856857572185535,-0.02611190230888738
2020-01-16 01:32:31.807228928,-0.26145117264489365,-0.23507080463563018,-1.2235164274990789,-0.7447521736378983,-0.8704422292949714,-0.4754481731177975,-0.8446623279575693,-1.0618748911175815,-0.2593882143563902,-0.6469224754850862,-0.787792980448861
2020-01-16 13:12:17.349397504,-1.1536964475840432,-0.7638991954165144,-0.5762374516745459,-0.43195423074492406,-1.2241134162127978,-0.4362863401790435,-1.3635297005054103,-0.7168089337016038,-0.9232584391978035,-0.42689558217579354,-0.49829770979514054
2020-01-17 00:52:02.891566336,-1.0409363383417278,-0.8542511844251252,-0.7834328176232612,-0.8905717737895625,-0.9629210511240205,-1.32206977677217,-0.664726496536221,-0.8932458787667222,-1.3119041808321592,-0.4719311488333229,-0.9392481484881424
2020-01-17 12:31:48.433734912,-1.4766418519991034,-0.9273560439727856,-0.9161778568901874,-1.0782496456139627,-1.0429444402781456,-0.8629789807182454,-0.6224722263823814,-1.2372542403363913,-1.439751757349188,-0.32974765924251426,-0.5576208904973166
2020-01-18 00:11:33.975903488,-0.25167410407450574,-0.9208810453231796,-1.176229475062263,-0.4482230691150859,-0.9505717049190557,-1.434794576888359,-1.5871465440259658,-0.970585983305355,-1.1677894163740496,-1.414028588617589,-0.9594798333562623
2020-01-18 11:51:19.518072320,-1.4583030744487253,-1.1020400472289535,-1.102066507037205,-0.6433473713422238,-1.0187065867287441,-1.1002342437280226,-0.9134953380344428,-0.7956334119710134,-1.0145982615462399,-0.6700950849859506,-1.8723468450378182
2020-01-18 23:31:05.060240896,-0.7886008669089746,-1.5662613754153745,-0.8610731631735993,-1.2132490078288476,-1.2849675137397747,-1.07202808050515,-1.1924647427284731,-0.8159763565036976,-1.0086566364503153,-1.35308525910269,-1.0867982499115227
2020-01-19 11:10:50.602409728,-1.3153380535431625,-1.3015607386866201,-1.302889894623473,-0.8106428909923418,-0.8467364635088462,-0.6799733225771857,-1.6647461517020647,-0.49037401394925023,-0.6415681057015878,-0.541021378049985,-1.2095241526167113
2020-01-19 22:50:36.144578304,-1.0404017825354188,-1.1016585533939958,-0.3405075437362475,-1.0810013377483938,-0.7953676483740139,-0.8932949253058673,-0.9668427661414568,-1.1218365724849733,-0.808127621457105,-0.7031144310608732,-0.7062821671339045
2020-01-20 10:30:21.686746880,0.17928207472746682,-0.8918030149694184,-0.5085218483277307,-0.7007995709581577,-1.1900397145852508,-0.9828449068343814,-0.3794422186919723,-0.39583667980705733,-1.062155736618593,-0.16618823318005538,-0.9594518548589885
2020-01-20 22:10:07.228915712,-0.6034639908737933,-0.8915601608123723,-1.1307316251523354,-0.825986491408985,-0.9895815726011,-1.0052697699654816,-0.4535647612860108,-0.22597120544012894,-1.1318400163167517,-0.8290453019093073,-0.8701894618500454
2020-01-21 09:49:52.771084288,-0.4873725133410625,-0.5726110157931777,-0.09199821459624158,-0.6363251418678251,-0.7245549370312476,-0.2949265711429311,-0.8985642596450707,-0.4219210995011459,-0.14401869032119052,-0.9292433597718723,-0.3752543343409457
2020-01-21 21:29:38.313253120,-1.0441581434322624,-0.9707803328874289,-0.46725777989260275,-0.5090697285904359,-0.4543138000391726,-0.900301552509465,-0.43038029709865266,-0.6467647692943259,-0.6065951835040722,-0.8542131899867205,-1.0464397617511667
2020-01-22 09:09:23.855421696,-0.7048707686341,-0.5476664482355132,-0.968463622944777,-0.2672333151155737,-0.2930738195061095,-0.4282992093969602,-1.2276473512057422,-0.2876615308456423,-0.4658330522168511,-0.47005491698862445,-0.7124509723304812
2020-01-22 20:49:09.397590272,-0.33550528212698566,-0.0031510131535420483,-0.34649952416594104,-0.5360364550605192,-0.8403445924837247,-0.7545655653122754,-0.730454471169591,-0.9835005453642404,-0.8879145055449149,-0.43320993847439815,-0.5830408123541037
2020-01-23 08:28:54.939759104,-1.1901261757884924,-0.21032307818320595,-0.714741779106853,-0.3000967758497626,-0.775527554140248,-0.808211568126727,0.033478400764025584,-0.6904545968740196,-0.2060100554053252,-0.6683506983349651,-0.4853853547870866
2020-01-23 20:08:40.481927680,-0.5418852786740963,-0.39907487433868394,-0.09692345304211747,-0.33228053956559866,-0.1653437460601207,-0.35840368929952815,-0.08480308479463633,-0.1091008915323301,-0.6847551528104641,-0.6371228003355911,-0.6437205829823686
2020-01-24 07:48:26.024096512,0.517892643277164,-0.8346969833655409,-0.3656588429988614,0.1604463452677516,-0.761193671642667,-0.10828982660381041,-0.32202936294168627,0.16916531803681534,-0.31513995099707703,-0.011774497300142711,-0.13718274949465617
2020-01-24 19:28:11.566265088,-0.5749798825554112,-0.31215214235620825,-0.4217273100524148,-0.029955240032801242,-0.2902517454616086,-0.4781794990594823,-0.061017814258047864,-0.1632524269523674,0.011540815959580175,-0.12740234941114012,0.21974476401135232
2020-01-25 07:07:57.108433664,-0.41891440702903293,-0.0681574272422838,0.0014585241326974183,-0.16309481472581427,-0.43333710090190825,-0.036292695277071164,-0.24982980969987995,-0.2637078153799547,-0.10579233606143414,0.21336373430368788,-0.2862987582716527
2020-01-25 18:47:42.650602496,-0.2939394831306468,0.08520165954649904,0.19270517186661718,0.28055826331531153,0.7253377251812688,0.9565552477260636,0.24681951704829203,0.0026168150693974823,0.3113214804488623,0.2777802207050469,0.4089429432716881
2020-01-26 06:27:28.192771072,0.603288521809417,0.07157987208517147,0.04491575512931609,-0.14415989943553648,0.2845438200780256,0.20219564739757848,0.35715682476713806,-0.1572498509354311,0.7394660316701749,-0.3679702950083405,0.10123270373532192
2020-01-26 18:07:13.734939648,0.1952434754328337,1.036657184633389,0.7067902862468058,0.47924077435396584,0.18981203163568494,-0.04220918331848772,-0.17305987170732084,-0.3822395319622257,0.24332160751154097,-0.11306066560808337,0.7171285904029432
2020-01-27 05:46:59.277108480,-0.6739903778700583,0.190580331336494,0.6402955838803355,0.49566678788066987,0.5267095890464667,0.14493108656101109,0.14630585848718763,0.3625288255582418,0.24692130251105143,-0.27035798440768355,0.16763416545501544
2020-01-27 17:26:44.819277056,0.2042935861890406,0.2706256094987822,0.38239993447484755,0.1931533443609867,-0.12338068555803311,-0.002321808030304684,0.17524141514059702,0.1487173389427326,0.413469586633256,0.5306626597709442,-0.008764527498825003
2020-01-28 05:06:30.361445888,1.2948091473724326,0.9388684115909687,1.0469630228374278,0.6642465817214167,0.6838938464050067,0.858053373174984,0.4063615366549618,-0.04665219700504886,0.47868901865093466,0.5814162582497445,0.4358397385183838
2020-01-28 16:46:15.903614464,1.1310263255522341,0.7751462349582793,0.5857011241168255,0.607777193292661,0.09798631546847691,1.2425304337497525,0.8585771382941039,0.45209465702295615,0.5512361873987963,0.5337405079356012,0.702622375797494
2020-01-29 04:26:01.445783040,1.2825844551377377,1.0775163702913297,0.8149673599933439,1.1798880576516098,1.0361848612986364,0.3321102212178293,0.16202212689227036,1.4571360951213181,1.6340077092907532,0.861259894440592,1.3204611300543156
2020-01-29 16:05:46.987951872,0.6448573973040082,0.9855068394371086,1.855493219160869,0.6571346967522569,0.7319466944749731,0.7132311003120019,0.6080341225712551,2.147832464965091,1.145502413497222,0.9211898944487021,0.5195764975760293
2020-01-30 03:45:32.530120448,0.7706689291884955,1.0347310867644142,1.1266709831472814,0.9877739429117832,1.1299763564100145,0.5514861023210511,0.9415824176194475,0.8132099922064323,0.9370241026339856,1.1930467930849977,1.6096817044114942
2020-01-30 15:25:18.072289280,1.2327308508626675,1.7159335186741216,1.3588015003351062,0.3936552791073129,0.7261216753740056,0.872628965639861,1.0123402598691433,0.8134304092978095,1.2203891883320634,0.8975983576382063,0.9404225466945205
2020-01-31 03:05:03.614457856,0.09344654142118947,1.0432318661202302,0.7862700227638535,0.7633218438868413,0.9118732206711554,0.8523294277746167,1.519310964336856,0.48834185181501844,0.8488194308984734,1.0933593909063213,1.5255358195362654
2020-01-31 14:44:49.156626432,0.31985521106142334,0.8395619625431558,1.3439171968148278,0.7438479837189788,1.2503705391150546,0.928766426461558,1.4551792549163685,0.9484313711835458,0.7898436069726124,1.3231132903429643,1.5994305349971283
2020-02-01 02:24:34.698795264,0.37226948272070115,1.4512362030084773,1.2000165018972995,1.2758441070840747,0.7477218754475751,0.8845922778296721,1.5419933092831353,0.5035381237490031,1.010522206556181,1.0167395786044067,0.9775912085827164
2020-02-01 14:04:20.240963840,0.42305987216355223,0.7886591823976266,0.5350717222971664,1.3247472150996646,1.056966133729612,0.8247568811956114,1.6905576299533922,0.8396272043153502,0.6409147558869284,0.6051961166301196,0.8096774393759376
2020-02-02 01:44:05.783132416,0.7872132197227707,0.7730160587836223,0.9950932461897668,0.9237067049357153,1.2209235329496089,1.407781010745385,1.3720719686250562,0.7434694076233759,0.6844232165395651,1.1994303315713633,1.3094286344536068
2020-02-02 13:23:51.325301248,2.0366589947827216,0.3892150554583969,0.516827420564198,0.8037009015296577,0.3496286137405541,0.9189537449588783,1.5199817758608272,0.9101157690014533,1.0285286096708264,1.0679153495626794,1.2769464016482825
2020-02-03 01:03:36.867469824,1.0614296011349764,0.4732251127151981,1.0360557794847316,0.5335243889278827,0.39134603730610507,1.2096166922396456,0.5398086078355947,0.9826697103719175,0.6471207797574979,0.11202307446921289,0.7259924568978262
2020-02-03 12:43:22.409638656,-0.02438650378577978,1.0891355995082463,0.4354674750012068,0.2973037699493301,0.5013534370513444,0.15277210907330724,0.6578053800972985,0.805943595727727,0.15772356317870473,0.6780179104693365,0.05024482659432444
2020-02-04 00:23:07.951807232,1.9337999749870722,0.3734700401390631,0.671029701939661,0.42594192167416517,0.4175108082577522,-0.08108782825727995,0.31706119534602284,0.613439498095542,0.6049571733275199,0.48301889150820065,0.8779122747386461
2020-02-04 12:02:53.493975808,-0.00921866942832042,0.39462428983251685,0.39059603787750985,0.1535118774817416,0.3311837356228121,-0.12564377619855663,0.6580797318368109,-0.20684569286250495,0.07125015577173127,0.47126557181491485,0.7681754537002606
2020-02-04 23:42:39.036144640,0.1902905375384979,0.03238009038297314,0.13266149782318482,0.10177236302676897,-0.008917992329948138,0.16668467446822727,-0.03886606778823401,-0.4138160115115697,0.2756899537663352,0.17809791597006847,0.322229632272066
2020-02-05 11:22:24.578313216,0.1988357749258308,0.14192455785127817,-0.002071972744749198,0.234259732994633,-0.12315874265490012,-0.061434759291291524,0.8247659013677514,-0.42866644291059475,-0.3819350500351105,-0.08755939975073657,-0.008041010232579665
2020-02-05 23:02:10.120482048,-0.7541223427978213,-0.05108783527058741,-0.034303834482950116,0.26186291551166396,-0.0865849642747956,-0.2076798580543322,0.09835759514127931,0.3371244574358083,-0.4310460135171293,0.31217366125770196,-0.03194090273658784
2020-02-06 10:41:55.662650624,0.04486322517956755,0.17447733536968058,-0.0187220647141422,0.0920276505511066,-0.34935259131239343,0.20619691505498622,0.8779442314850714,0.06105536266984645,-0.2634743399330466,0.313573832776757,0.10619945991245328
2020-02-06 22:21:41.204819200,-0.9371823552331744,-0.12392742201326387,-0.33453248285917236,-0.5529784657679123,-0.021472865514986506,0.030646244649261113,-0.2999876590758546,-0.3061567862973796,-0.07288716954974543,0.25123218840126904,-0.0743447529785533
2020-02-07 10:01:26.746988032,-0.1489007297697767,-0.5028966398130553,-0.4926714408666969,-0.24563186982034865,-0.7442900427381534,-0.08190038621818532,0.39018355040254415,-0.17570152806938028,0.04839297430105677,0.03752754758447621,-0.0890847854562867
2020-02-07 21:41:12.289156608,-0.6200337837568893,-0.44775281691887225,-0.5481537255243872,-0.45627551782882525,-0.26112611926952134,-0.6064604977932495,-0.9706488986117257,-0.3141067394529893,-0.5637858196302009,0.10006517584233982,-0.6413956530214063
2020-02-08 09:20:57.831325184,-0.9359801648945425,-0.314730645279309,-0.07618051666616787,-0.8656920686497489,-0.5168808733918122,-0.020579545608515493,-1.0197290370159537,-0.5197074257577782,-0.6591092818292914,-0.7786439170279857,-0.20617113651942925
2020-02-08 21:00:43.373494016,-0.8800661989988369,-0.6973011018969949,-0.91333164773048,-0.7650877191663485,-0.7052351045687761,-0.5642959415636183,-0.08245547138435938,-0.7290046249177131,-0.14633233631766995,-0.8068547578197933,-1.26743727565651
2020-02-09 08:40:28.915662592,-0.8413802276153056,-0.8925411922201701,-0.9616735794911713,-1.4296839452513046,-1.5395659263740331,-0.970440349720447,-1.5320634730225997,-0.5770853368689636,-0.8392323744708574,-0.939424356073271,-0.649961033865995
2020-02-09 20:20:14.457831424,-1.3105029918851545,-0.3198541451620197,-0.6349814179913305,-0.589895299119046,-1.0074634735116612,-0.9962408646135764,-0.8259880788832047,-0.6464882695049848,-0.621025864495921,-1.1985859239701628,-0.7669279316256512
2020-02-10 08:00:00.000000000,-0.5443491122030575,-0.8567484051902239,-0.7238395495614378,-0.21482577708717743,-1.0747373010998542,-0.8001715401584542,-0.6318399078211605,0.10646504960660896,-0.6721905597422102,-1.3608755468731593,-0.9965964719993109
2020-02-10 19:39:45.542168576,-1.111953227979908,-0.9044725759045417,-0.9937308701813435,-1.3799615521094086,-0.7796561546680453,-1.3644235606644006,-1.3371578873474015,-0.49822956442819105,-0.517178253673634,-1.5266360735989009,-0.8884653684846159
2020-02-11 07:19:31.084337408,-1.125094961978644,-0.9984879724349983,-0.7760463134418996,-0.6165905800170393,-0.8279423166531685,-0.7517913827639378,-1.5447254117195417,-1.2680113359281828,-0.7715528049144803,-0.7173741167086432,-0.8635930766529496
2020-02-11 18:59:16.626505984,-0.871656400603279,-0.8879037137559959,-0.9717146575990903,-1.1084291186970459,-1.2123205639260286,-0.803076572851937,-1.152781958779494,-0.4883208959622495,-0.6675642745166486,-1.2470438738548868,-1.4449090068088934
2020-02-12 06:39:02.168674816,-0.12489559883717272,-0.8022187926120895,-1.4482741850727763,-0.954266533264678,-0.908803841844823,-0.45194795856917835,-0.48220133389272724,-0.6390066926323449,-1.2037415980965769,-0.922513329629496,-1.030466946027067
2020-02-12 18:18:47.710843392,-1.1197463391981741,-0.9646952443944093,-0.8970269784989893,-0.6251363782210106,-0.38506992830344633,-1.1763166030783652,-0.9565270142076446,-0.9168059055458209,-1.0188242376273011,-0.6673338404261118,-1.0732208769278182
2020-02-13 05:58:33.253011968,-0.9539749704760663,-0.5547545555902925,-1.1523304388595428,-1.1289970870753028,-0.7233852840148639,-0.5674669841651933,-0.17361928526341952,-0.8787166983305778,-0.7484200986861875,-1.1374068608924823,-1.2184246736037494
2020-02-13 17:38:18.795180800,0.11952553451671533,-0.9304900337175807,-1.4189513462178063,-0.4867278460578825,-0.7052333151023465,-0.4461153276997566,-0.675736749206451,-0.9942571765431363,-0.3692284553140475,-0.9542190569468919,-1.012706854091076
2020-02-14 05:18:04.337349376,-0.49993274609024385,-1.0294702195010592,-0.521616316235074,-0.509686384271035,-0.29425431856805123,-0.6964706198827393,-0.6336595362625637,-0.20693474314079263,-0.6100836702489421,-0.45520864001900446,-0.4645128699595751
2020-02-14 16:57:49.879517952,-0.7065768766168785,-0.6078102403330861,-0.10015561748747026,-0.18938880512511613,-0.05490569191105377,-0.7205610409948845,-0.9192475203010452,-0.933465074610536,-0.6820031910677443,-0.6452122566661052,-0.957086128820001
2020-02-15 04:37:35.421686784,0.14409138654436704,-0.7076606253290872,-0.7957385123579344,-0.5579297691618363,-0.3894397260215463,-0.8646549446168399,-0.8421902212283873,-0.5627566148526189,-0.23950780124639248,-1.1207487381058248,-0.9536225826435034
2020-02-15 16:17:20.963855360,-0.8805902005892647,-0.4392895012913285,-0.8982324792726301,-0.47767565185196703,-0.7532365144278748,-0.5891526611249234,-0.4542561555316599,-0.2013511534559143,-0.726751870875197,0.13746933293885033,-1.0628782333085511
2020-02-16 03:57:06.506024192,-0.2715550554116101,-0.7212241218760236,-0.4512615418043254,-0.771996605836589,-0.5995130644445867,-0.32813969648688046,-1.0804643348218468,-0.6229994212659566,-0.9486415652238895,-0.30226686718782514,0.06901128458872541
2020-02-16 15:36:52.048192768,-0.2131847921503247,-0.7939150223141709,-0.5996540602136156,-0.4158456876014813,-1.0705099601677073,-0.229150428215676,-0.08763799294398905,-0.14877222239557464,-0.4793023086294873,-0.43544276572059754,-0.1500198704273843
2020-02-17 03:16:37.590361344,0.026328089564432028,-0.4065331031849274,0.44061589625995334,0.055027406200098467,-0.5079736314465072,-0.4855920364084675,-0.20856791630939733,-0.17975001413326655,-0.37304623258958325,-0.9375674160102078,0.07541156038171418
2020-02-17 14:56:23.132530176,-0.2859924628161862,-0.3751962184950899,0.17481174097049595,-0.35019268283060456,-0.6843875415307106,-0.190226018314466,-0.059058344037944466,-0.13121570226270798,-0.43338098043184115,-0.1538343309012375,-0.18975106969065897
2020-02-18 02:36:08.674698752,-0.623101825352372,-0.3236537659553751,-0.05037797309014289,0.33529465325380686,-0.07571004519540228,-0.13752102412039635,-0.5870311759406167,0.46716848949150835,0.13030785405525053,-0.3684862828624889,0.22467482688859108
2020-02-18 14:15:54.216867584,0.543326584481174,-0.24962354611368517,0.1339841146326248,-0.7699917733967112,0.4213049079484145,-0.21042098592920297,-0.07968638033128608,-0.15192714218291492,0.040223511931097966,0.3767635606869762,0.22184189687886788
2020-02-19 01:55:39.759036160,-0.25394782290569057,0.2820608985006749,-0.14228423285591046,0.3945893324363086,0.21829008422976653,0.24467278976483975,-0.511380356127574,-0.2832071472241096,-0.16439153370914833,0.10396036728651686,-0.12285445834767766
2020-02-19 13:35:25.301204736,0.1016971692178006,0.5561143049526507,0.7716986612008362,0.00975188296364371,0.15568801392455792,-0.06327988046932351,-0.07694476806291675,-0.30496684211305214,-0.2660444119384193,0.27621569149387326,-0.013027662602121154
2020-02-20 01:15:10.843373568,1.1247189471316128,0.7470894607816945,-0.08417265355285058,0.3762511860878901,0.09984273224698059,-0.07175382291486121,0.2877964909970857,0.3907691855229989,0.9068386535750821,0.05350246264902109,0.7602172404472278
2020-02-20 12:54:56.385542144,0.569662937465068,-0.18615339685781768,0.2922471546627715,0.2973746467153538,0.21441974467247213,0.6763388083813553,0.4078201484723897,0.4117171727035354,0.6835950605389729,0.1832548970011259,0.5281478845052552
2020-02-21 00:34:41.927710720,1.4920692835383278,0.5561155053204887,0.5367021363264581,1.2889697685577877,0.655950009542722,0.5593226181023608,0.6677685184879946,0.2535560794408599,0.7236370451431743,0.868804939869013,0.6568523668498933
2020-02-21 12:14:27.469879552,0.17575782836481724,0.8201610811700328,0.7110726455743235,0.7083793755417336,0.4657867881611872,0.5664792203039368,0.5628739465997766,0.0762003280263962,0.29579950089332535,1.104916137241977,0.5512682496684057
2020-02-21 23:54:13.012048128,-0.13744365735376451,1.0068640053468545,1.010472061941035,0.9756275243928998,1.0953929996455147,0.5420424110218613,0.6800838985983808,0.753780824688016,1.1147678874632971,0.6214015451755273,0.04396202299155372
2020-02-22 11:33:58.554216960,0.9392605069156665,0.769857008692076,0.6156396837648933,0.5660245769510357,1.05285783740688,0.6017235394531413,0.8809667341549687,0.39077430389699525,0.5669902296285718,1.133914015523369,0.4882191410305636
2020-02-22 23:13:44.096385536,0.08585358996683201,0.32997976568047716,1.260545480357999,0.8138354212658481,0.5439697830255098,0.5589226394875288,0.7019928908973867,1.3355111753088993,0.6117831827022451,0.6373952185958975,1.0682536868159642
2020-02-23 10:53:29.638554112,0.8428743197730938,1.0677821801263843,0.9932292938447427,0.7865255872241451,0.6931974745642604,1.0082379205635918,1.0295720593348237,1.1955412180189737,1.3330572235614717,0.619800852282697,1.0340073883589556
2020-02-23 22:33:15.180722944,0.5163421519248468,0.5504494797201872,1.074633441547131,1.0618542987222364,1.4601960211739669,1.0262192625773274,1.0548005480478555,1.3528687243311093,0.9207310833930243,0.9740326527033436,0.7769743989893789
2020-02-24 10:13:00.722891520,0.08844013899961756,0.8624259057945707,1.5256526851249992,0.8322937042232481,1.273449540221974,0.7972754243367621,0.9039905221082566,0.5299370484216486,1.632531510710666,0.28000743585791077,1.0214459177063138
2020-02-24 21:52:46.265060352,0.49128992721052356,1.1723389685291774,1.4199879082907023,1.0746402173863967,1.1633612562157674,1.211417405226967,0.946042292981685,1.1545056635184994,1.652239752118374,1.0550839771671938,1.0873704924328236
2020-02-25 09:32:31.807228928,0.7881247127343812,1.2859505282966404,1.2177638994476419,0.4983143758725881,0.9383845118257735,1.105325967414155,0.7284128607682843,0.9687417664779457,0.8531441433678547,0.7640770368897019,0.8619662299003468
2020-02-25 21:12:17.349397504,0.8572655983613633,0.977181424243355,1.190338762515922,1.1823486973861481,1.121886029519161,1.1015049072911842,0.8996245851474958,0.8168911554379898,1.1511615229519008,1.4337591378036652,1.1012233492113477
2020-02-26 08:52:02.891566336,0.16208932882138283,0.7119401844501256,1.2815569924415247,1.107460670059047,1.2571469943129707,1.7907515666980074,0.7476437285837816,1.0323289795919717,0.9752562805413335,1.077173697759381,1.657619157679913
2020-02-26 20:31:48.433734912,0.9371563640186122,1.1977741256708647,0.6647333098413769,1.0715185276454502,1.0710814759611407,0.8333045164162765,0.6337746972179219,1.1007878879227202,0.6835175348865186,1.1366163239825113,0.5227760094757452
2020-02-27 08:11:33.975903488,1.1501269475143092,1.1642913649914988,1.1346039808035822,1.0077138073045726,0.7459912154000037,0.8369405312368602,0.6962303228524199,0.9426949222760979,0.9533269144510143,0.6721136920073107,0.8130392209853451
2020-02-27 19:51:19.518072320,0.7092970265451559,0.5478920910978865,0.8721088340225907,0.7607595189257909,1.1629876877840828,0.6655434955613355,0.7542216181778321,0.5662532460737195,1.0303647148667878,0.6914452220389242,0.8520340456612963
2020-02-28 07:31:05.060240896,1.022049361946611,0.35815976218607765,0.6252477648565948,1.1112961697653927,1.0115931404636498,1.228329725865765,0.6633966518805159,0.9607091958532967,1.0424960040124407,0.599233049857938,0.8472456510065431
2020-02-28 19:10:50.602409728,1.4646413016353912,0.22310763270749034,0.43114417288738605,0.6844630802831926,0.6457956752860298,0.794584575493638,0.6788254351210068,0.19859651510798265,0.6586721429657967,0.9570327034664683,0.23362521580538442
2020-02-29 06:50:36.144578304,0.2945122162507267,0.9697909825535183,0.38371868287415856,0.6894873164232784,1.1838486103747838,0.3059101333265624,0.6762597285964042,0.39493562055891107,0.4547577895592184,1.2382018011883331,0.3304413405063713
2020-02-29 18:30:21.686746880,1.2476469413084221,0.13754813988775416,0.22830335895364937,0.5700589042742735,0.32274132165531383,0.12588062706363173,0.4295617964443796,0.083889672155945,0.5704640156706975,0.8896365660495027,0.7475141507783662
2020-03-01 06:10:07.228915712,0.5085144757904616,0.15330611206682102,0.09115738684478714,0.12765158101021284,0.08243546167880478,0.118106705825724,0.5402013191256085,0.26116007549738174,0.03444953484568694,0.08625697534165958,-0.3534035171568149
2020-03-01 17:49:52.771084288,-0.09921648296775007,0.34288380703101473,-0.16331707053973374,0.09220355628905738,0.3226628056345533,0.5144092108915924,-0.26626738857237264,-0.1236214002464017,0.41967197865170625,0.08618604097539699,-0.02280060461760361
2020-03-02 05:29:38.313253120,0.574369342390714,-0.06897275460609897,-0.03322152225403927,0.00517346693332469,-0.011377800525957289,-0.6586616133257843,-0.047670207812949436,0.1882366449129837,-0.04295377064747029,-0.20056783442438322,0.22556442458328005
2020-03-02 17:09:23.855421696,-0.7499920980757715,-0.14635751766497787,-0.6215772584178288,-0.37116987624389713,0.17302867993744356,0.03937075497566836,-0.5828936913617438,-0.056784193288376084,0.057345703576645896,-0.5195453261242255,0.002440276416584175
2020-03-03 04:49:09.397590272,0.6409060087598737,-0.43164255057948764,0.18624404094425093,-0.19344998752032522,-0.05312695697114578,0.2026103613594817,-0.2616916096031514,-0.17184904926820688,0.13768463670558304,-0.09526876010569278,-0.05966664503010319
2020-03-03 16:28:54.939759104,0.06568034060509009,-0.25246651811636145,-0.4739666455307832,-0.2565359049493954,-0.6177383461373327,-0.18299685379967612,-0.6065483174757573,-0.28719798337795377,-1.157938643201375,-0.5077406171019352,-0.21316619007836493
2020-03-04 04:08:40.481927680,-0.35885104593845735,-0.5469057772654079,-0.5704260895347668,-0.7289199120749138,-0.6838202438688897,-0.4049312218960185,-0.3672982457231203,-0.14318012587638035,-0.21651975022430037,-1.4298851619759265,-0.9117749417948537
2020-03-04 15:48:26.024096512,-0.9232981661705155,-0.8139784042166454,-0.7000489364708596,-0.5370173139646782,-0.4197411262705207,-0.5531331938440343,-0.08088713947594295,-0.32393355380994715,-0.5967912829701711,-0.722297605755481,-0.5795309786889711
2020-03-05 03:28:11.566265088,-0.8693123730610297,-1.6297052411948156,-0.288579944385716,-0.14597368654982146,-0.8026990620507278,-0.4598325347310243,-1.3230883697567943,-0.14125062755632123,-0.8825816890329028,-0.7392689633893571,-0.8881214285664102
2020-03-05 15:07:57.108433664,-0.05594627092921778,-1.2852897057505577,-1.0979411048531058,-1.2103496086758723,-1.301310566528656,-1.410353211296827,-1.5089107217167559,-1.2055051535873633,-0.7305073440940519,-1.327729982910632,-1.1802652896497827
2020-03-06 02:47:42.650602496,-0.9392001649857149,-0.8944604775947856,-0.6880402759599031,-1.3544145723709342,-1.6132899333858177,-0.49319446254843124,-1.2627677519834422,-1.2952291186449927,-1.4150753124531745,-1.0832819201239512,-1.1950066390200038
2020-03-06 14:27:28.192771072,-0.3825726848471087,-0.9302499494329736,-1.1461846790210433,-1.3881231509181813,-0.8983822807623782,-0.6250389415769746,-0.7880001868494487,-1.0039598939026595,-1.3211253741203595,-0.6849994006870941,-0.5729315092276652
2020-03-07 02:07:13.734939648,-0.8797869928743868,-1.0891435018034896,-0.7542745007298421,-0.7463372545280049,-1.066827596285974,-0.8738552271756936,-1.4768639864638438,-1.0883647055965744,-0.954697160967916,-1.1406164128478846,-1.1380091039640237
2020-03-07 13:46:59.277108480,0.31919486823419896,-0.9174720684774348,-0.7353498886694753,-1.1131169894657846,-0.6228413939791788,-1.1857762127608313,-1.0637889408865147,-0.6561833643790613,-0.23077961834759575,-0.510725484030474,-1.1020289400912837
2020-03-08 01:26:44.819277056,-1.440984382323589,-0.8170047105419708,-0.8706312272741639,-0.5408663484765337,-1.0374073188930022,-1.6554799427699667,-1.5844148027113223,-1.0082947072540047,-1.1224656646896551,-1.2191017104001747,-0.8672438273394174
2020-03-08 13:06:30.361445888,-1.1466424110764462,-0.6837946498384736,-1.284452494788033,-1.349823367957182,-1.12656455145503,-0.44275720204560465,-1.0212030092358282,-0.987954249564518,-1.2641872435577606,-1.0340971283411804,-0.9078980290217092
2020-03-09 00:46:15.903614464,-0.0835002518018555,-0.9904587593002419,-1.7124019828628716,-0.7388619848200153,-0.7476596229663472,-1.0780258113714858,-1.4074016382240049,-0.657251194674058,-0.7693949877910491,-1.324994122132654,-0.4783847551964839
2020-03-09 12:26:01.445783040,-0.8009601090111041,-0.7607972227619726,-1.2100203464101185,-0.39696672620831835,-0.6136836521445638,-0.8820905579032121,-1.1053980123893794,-1.0172794860826315,-1.1502844640353325,-1.3641080320579877,-0.6358883209782984
2020-03-10 00:05:46.987951872,-1.32010533249654,-0.5894474599416726,-0.5751958828520556,-0.756725118120827,-0.8470520638321931,-1.1430243785844296,-0.9172741755249787,-0.30668210651029815,-0.7370932592987303,-0.9793608427988394,-1.0276627982051734
2020-03-10 11:45:32.530120448,-0.5084255831145783,-0.8382124779395217,-0.9849549050692681,-0.633232337784743,-0.7300097445449362,-1.2759260694196177,-1.0533916763450446,-0.5102552072977684,-0.32385499248798705,-1.2990376486276267,-0.8568389061174582
2020-03-10 23:25:18.072289280,-0.7227641840856702,-0.4125587521920465,-0.19850488980930386,-0.33600009832963135,-0.7670547182819064,-0.3148602100680183,-0.8785907465954247,-0.40157812803647264,-0.9370670232930634,-0.3654949901126728,-0.4367174055717803
2020-03-11 11:05:03.614457856,-0.005753478506072385,-0.7194471462649001,-0.2939978977316877,-0.4371395868363189,0.18766591682393696,-0.49960185812695257,0.25158399284612365,-0.17854461811409877,-0.42340758740806095,-0.3620827503853744,-0.08963115085031331
2020-03-11 22:44:49.156626432,-1.2278353815775125,-0.3452137953669018,-0.7174753363648398,-0.19975787496547687,-0.4269859956426993,0.10416179857639041,-0.2598039517595003,-0.40058871272044616,-0.3008962780873876,-0.06650382851106545,0.10211167933982934
2020-03-12 10:24:34.698795264,-0.13552044642627506,0.09036521414053655,0.1381500002223322,0.07230409073249,0.16664166951407083,-0.2633346252616726,-0.5700414099893483,0.22542935796478342,-0.6775138056158682,0.018174788561071742,-0.46895943011297525
2020-03-12 22:04:20.240963840,0.0681002522498594,0.2526443905790123,-0.11110376996029671,0.2792556243293159,-0.16425275254824695,-0.49267920270507265,-0.1268410533109577,0.023375640179696427,0.8943355865591256,0.1313876364940334,0.18100451156154473
2020-03-13 09:44:05.783132416,-0.005717518774832328,-0.30070879202978296,0.2274170156554984,-0.36203919644021765,0.15334208479916472,-0.43919355435632623,-0.30630576320478353,-0.4368024502778627,0.20836602351465708,-0.15861326687018382,-0.03262335356499706
2020-03-13 21:23:51.325301248,-0.07793414809808286,0.6878468791947686,0.06060230933075185,-0.1209047793848696,0.279449127329257,-0.21890706964945789,-0.11623441686910796,0.36366428524173555,0.45934878132187495,-0.45826088247426333,0.1257335080523102
2020-03-14 09:03:36.867469824,1.2143373477276402,0.3165958346951244,0.016320329003085166,0.2224058505811646,0.5631798177651176,0.8486420246594188,0.47956127186984476,0.080414440839787,0.10821021273898122,-0.11463687639666462,0.26071935107117505
2020-03-14 20:43:22.409638656,-0.0708868191633289,0.5280470286044759,0.1804478116344131,0.012093668001505742,0.623340358346538,0.35925201595838685,0.8585269126671549,0.2324185707762177,0.7476852213718588,0.5161584262783279,0.419869179580715
2020-03-15 08:23:07.951807232,1.08607636868052,-0.08084934876033356,0.3327735008519257,0.23277300813228166,0.9395179647831371,0.117223566880517,0.2763250454665468,0.3770869026266188,0.6092690127327894,0.23444481545504295,0.81763825097202
2020-03-15 20:02:53.493975808,0.9550740686575093,0.529028957928474,0.35959562242632037,1.3556962757405928,1.030904932545001,0.18354154129045291,0.8257578195887203,0.3390669805974391,0.9555855888932083,0.5205659647713003,0.5762655663463327
2020-03-16 07:42:39.036144640,0.6479197299890563,0.47132933822506184,0.3954278859071999,0.6527782786913761,0.5689997294302184,1.1857918371755196,0.7063826385511501,0.4027983361749775,1.0419006971907838,0.7172478180467179,0.25415988701811193
2020-03-16 19:22:24.578313216,-0.4975223712931097,1.3101689800347662,1.0297993873934959,0.904009789476734,0.5079204756125151,1.5783991646160334,0.9326435480964639,0.8835986199075735,0.9883673497762625,0.8518406171759858,0.46137324919026124
2020-03-17 07:02:10.120482048,0.1259007021821812,0.545249029318559,0.6712230585543486,0.4807565344817547,0.5223264855056088,0.5651342058521631,0.4921839867488042,0.9535365956326635,0.3420957009933449,0.5494364652961009,1.0340277886481435
2020-03-17 18:41:55.662650624,0.5490636764705794,0.9676816789049179,1.161008779291559,0.46549631363999167,0.9508567161683297,1.0286487710183012,1.0846811991037437,0.7825976766952726,0.8452628773447785,0.8587606698244878,1.1727523966018616
2020-03-18 06:21:41.204819200,0.4166076964608957,0.2797747056383503,1.02858364038699,1.1520127976249603,1.1398239894325648,0.8846852823755748,1.329800158064367,1.0246607770340401,0.9676533364391726,0.9237323399493926,0.8432651994415498
2020-03-18 18:01:26.746988032,0.9377593784184391,0.9329544642848933,1.1637211472703486,0.9043140106636955,0.5074860193090169,0.5771603996143718,0.7002927343254504,0.5761754918202275,1.1346466942505835,0.8021502256442951,0.77227194365648
2020-03-19 05:41:12.289156608,1.6773215068332479,1.260766316609401,1.3084616520041483,0.4602420984211444,0.8406150541968898,0.9631176061182956,0.9783930968086901,1.3408696416175663,1.5418211564540176,1.0930831878918768,0.9978359232542097
2020-03-19 17:20:57.831325184,-0.1035554255516643,0.8372426218656333,0.8196094738009359,1.3840451892678232,0.6396263829519296,0.8919514809309957,0.910366838759828,1.7139070489944428,1.1662560635791719,1.474937309413177,1.1711440489890133
2020-03-20 05:00:43.373494016,0.758050860743575,1.283696283565265,0.8856860702694134,1.7373574836387653,1.075808715682684,1.243485127341615,0.7776438850021872,1.3775099502078982,1.0784801313119399,0.8569918504053381,0.9190471715299492
2020-03-20 16:40:28.915662592,-0.4443240956472583,0.8998411360011425,0.8073215081003102,1.1210058111748098,0.9924861659802415,0.7095084146529513,1.1685957179990476,0.9394915500604044,0.967991381894127,0.6710965583777255,1.4192432576440777
2020-03-21 04:20:14.457831424,0.5972517390809468,0.43510081031184966,1.0433360003498586,0.959478612685613,1.172138228661397,1.2696387443862913,0.8349225287511925,1.2248706691081763,0.5878381173384974,0.7098558681425569,0.9129585788145418
2020-03-21 16:00:00.000000000,2.0827546135740076,0.5322569294222809,0.9782248933416896,1.1073730329853557,1.1534371279729934,1.0896111513981421,1.7967806462391922,0.6483482571814956,1.0793135270940926,0.760032935722983,0.6956437814962543
2020-03-22 03:39:45.542168576,0.2074715119806655,1.1309019523497705,0.7494199940672616,1.3320210294721484,0.9129884833028713,0.8490794215753475,1.0146842498523525,0.8702880682036509,0.7778735262765225,1.403610291281106,0.968442165767284
2020-03-22 15:19:31.084337408,0.3831188822216607,0.6453091344514992,1.3411552074313466,0.8727979558765019,1.0793137081218125,1.4142204102467546,0.5297700034990115,1.0124692133983206,0.6735738434566579,0.6512210645147519,1.1524390431634983
2020-03-23 02:59:16.626505984,0.9328666328422297,1.1037058557607051,0.712447908888937,0.5230623731965958,0.9037958994223041,1.0450607488002626,0.579801394593427,0.662733692866923,0.5863854860019608,1.295275281944625,0.9677450379248286
2020-03-23 14:39:02.168674816,1.7142482759944753,0.9613224157375958,0.9438433196517636,0.9682213642813229,0.9608409971809407,0.1357482586999602,0.6880830032775356,0.9559402934767938,0.661445190844368,0.9973727373923543,1.477412008793109
2020-03-24 02:18:47.710843392,0.7926768995905306,0.5577543214517174,0.5880941986074432,1.0550181658268722,1.1040594839939253,0.8226416163676871,0.9262710078256675,0.3316969131249721,0.805707313090097,1.0415448710539665,0.6618050757510647
2020-03-24 13:58:33.253011968,-0.49080137072075025,0.7992042121651781,1.1505436325402258,0.9240064500257453,0.59129426816955,1.1244492886728872,0.43552061971633116,1.1423672140008148,0.7452999658058115,0.4325458825080245,0.2941200829882018
2020-03-25 01:38:18.795180800,-0.602311791131013,0.18466875189606866,-0.26075903304264353,0.27599549185476024,-0.14963269823737907,0.20250732132556015,0.5082893427343271,0.08849593778048198,-0.34879651025023245,0.16500384845268323,0.6429792253667549
2020-03-25 13:18:04.337349376,0.7919640077861023,0.3522764174402164,0.32225927280983185,0.5760412884607976,0.23234482482669,-0.3434660611178986,0.30369119201661765,0.10576814535378454,0.14787659759529898,0.08367032738745928,0.4860004811282467
2020-03-26 00:57:49.879517952,1.1229260997255812,0.5525323537570297,-0.07010730330108755,0.5309367281294765,0.45146661461260784,0.7438789342848975,0.5593345640707591,0.2600281471985084,0.2385130246401217,-0.41457441195117256,0.6040079372519992
2020-03-26 12:37:35.421686784,-0.17246136453290228,0.245585290811424,-0.8341168897325537,0.1535324509582627,0.5703128234928184,0.01966781873217557,0.4056059364415229,0.47540857296086875,0.312664830674398,0.20781719335189897,0.17159208295209066
2020-03-27 00:17:20.963855360,0.6716644434265984,-0.4030952975522898,-0.5906869780277811,0.13859706137088426,-0.1997715185900351,0.12394115515790471,0.2361203078182112,-0.6152553087318661,-0.10820384568403865,0.29756502101473775,-0.2514008890370832
2020-03-27 11:57:06.506024192,-0.10388007983635486,0.11009192547773394,0.03478253133875048,-0.369852306907441,-0.7076788286197673,-0.3083954548676451,-0.0964693275241475,-0.14811087812159165,-0.4815026313330196,-0.7538789271268468,0.008437864415573981
2020-03-27 23:36:52.048192768,0.37687593679817066,-0.4261642317173264,-0.2896441677207082,0.21043957195642704,-0.717800160725693,-0.49884659322591807,-0.2565069699937777,-0.32727890277796334,-0.13622304764303103,-0.431442609558064,-0.3545257616978351
2020-03-28 11:16:37.590361344,-0.49854344480716856,-0.7246935849993188,-0.1990887844629441,-0.6401971894361628,-0.5187195138466094,-0.4325189055168768,-0.014909305906021353,-0.5264100119516562,-0.4035973901384081,-0.9431320217739916,0.0076647176566835284
2020-03-28 22:56:23.132530176,-0.7122988652984681,-1.2679167222243937,-0.4667672256880495,-0.8891709784202737,-0.3386513805772866,-1.162896436841394,0.14996002715320167,-0.9587036551976693,-1.0200201408367313,-0.9595535260024768,-0.6725053694535024
2020-03-29 10:36:08.674698752,-1.4276137112494898,-0.9803006975704021,-0.924219405044554,-0.7458717350262849,-0.4243989870474478,-0.4430366543723237,-0.6033207226454851,-0.7279790006060494,-0.9493311896020467,-0.3727205536692151,-0.13866076561995366
2020-03-29 22:15:54.216867584,-0.35534479424291654,-0.9183293466835485,-0.6807797714270623,-1.1266961292189934,-0.46548568045982286,-0.6965944646334492,-0.9741443803822638,-0.7019884342335252,-0.39446755422638247,-0.7591026662152167,-0.761295231065302
2020-03-30 09:55:39.759036160,-1.1086176589369596,-0.6719587479344402,-1.0647089301925596,-0.31327004061267355,-0.28628109901207277,-1.0797192547515155,-0.9992341015602211,-0.8820626397651968,-0.4493429726868479,0.15441962893687733,-0.5614268951518478
2020-03-30 21:35:25.301204736,-1.2962513221064518,-0.8153112368766766,-1.1695694584567975,-0.7951531627200163,-0.6944328089924552,-0.7548917409068288,-0.3793203170777988,-1.0035009943353297,-1.24598244410729,-0.9733229711522401,-1.2521724538370904
2020-03-31 09:15:10.843373568,-0.9999576067371339,-1.0658245239717234,-1.1603855423112015,-1.1482725559853353,-1.128360040944734,-1.0058237674874642,-1.1253220837923466,-1.0038692064310462,-0.643500069610397,-0.7212805989549008,-0.5107791471130534
2020-03-31 20:54:56.385542144,-1.1489025009215315,-0.9835590269738215,-1.148776087600453,-0.5036587178592852,-0.7987180831384812,-0.6969757665766039,-0.7613465586013388,-0.5323621504641742,-0.5793982075738103,-1.061531996860905,-0.9296921896293394
2020-04-01 08:34:41.927710720,-0.5600329742916424,-1.2600026033582896,-1.177727405732033,-1.1100878230288984,-1.0545360167042208,-0.8620471806252522,-1.1260658310690366,-1.0817820392250495,-1.1732846020299172,-1.3851439390969258,-1.6201435167495397
2020-04-01 20:14:27.469879552,-1.5671911750575411,-1.4645522070965948,-1.355189444590505,-1.2062888440735815,-1.3813649295832389,-1.2005597216164412,-0.8022487839844925,-1.217759281134229,-1.268257816679803,-0.8925202590694152,-0.494345914336089
2020-04-02 07:54:13.012048128,-0.18498112253202725,-0.8939535132041743,-0.7765160062503095,-1.3777687098247546,-0.970372526330364,-0.7152080869926951,-1.6277530056300922,-0.8026452134884732,-1.2030740126499997,-0.8722480490077966,-0.991310912305406
2020-04-02 19:33:58.554216960,-0.9761764139297758,-0.7583134948302699,-1.1884420496286934,-0.5715296051257521,-1.0889546901241882,-1.3056120544793828,-1.3227139960492509,-1.6304719841391904,-0.9494124981138701,-1.14920793202032,-0.7737284292786969
2020-04-03 07:13:44.096385536,-1.1941778965677063,-1.2892427431467761,-0.822169737118901,-0.6154000910109638,-1.2427304900056628,-0.950394647669,-0.808576974957843,-0.4267643760275279,-1.1856794949288416,-0.9034296541012371,-0.9898841701820199
2020-04-03 18:53:29.638554112,-1.1447854612183388,-0.9024935308963302,-1.382162422707258,-0.9635192828469198,-0.49771031106349334,-0.7374750939260712,-0.9309697160605257,-0.8034670289756972,-0.7755444970718708,-0.880694196188815,-0.8478213445105187
2020-04-04 06:33:15.180722944,-0.7615512438650556,-0.4687738963026585,-0.9036340349689982,-0.7997049978572687,-0.35766922917057825,-1.2550258208736964,-1.3429475597423988,-0.49281863474235105,-0.6650577156809353,-0.6013824756350838,-0.26896007503559144
2020-04-04 18:13:00.722891520,-0.41668127673807054,-0.23835272102565386,-0.20516413703318936,-0.5645808612988014,-0.7949575241463949,-0.7396808180361718,-0.9394976877075267,-0.944201421986715,-0.7779782268083256,-0.9629665282211979,-0.8699850591197185
2020-04-05 05:52:46.265060352,0.21790532057514722,-0.645177281180161,-0.5834009101447838,-0.5497565617195938,-0.530112953004513,-1.122029964236901,-0.7759805749878379,-0.333492990635243,-0.6458193327863859,-0.886995843859067,-0.9156340631569219
2020-04-05 17:32:31.807228928,0.5359055282527813,-0.87056528450447,-0.579428983132018,-0.15515307793454974,-0.6949779265411776,-0.7625864698108635,-0.8196271590871338,-0.5722675665506423,-0.3798047080796767,-0.8082829282305682,-0.9242114587134584
2020-04-06 05:12:17.349397504,-1.4375180290231655,-0.34840416214833403,-0.6433964974710367,-0.2573297543543295,-1.0182986270380652,-0.7287968803564722,-0.8916464027177056,-0.7183032783305434,-0.3092013662599159,-0.3368816981186361,-0.5249841368690457
2020-04-06 16:52:02.891566336,-0.4675494573196731,-0.665052444553963,-0.007652973342649805,-0.679592740466555,-0.6623309663920005,-0.5984140456697317,-0.7341371808177467,-0.2986012636582414,-0.33658865544504113,-0.7952335410903725,-0.6036560965391767
2020-04-07 04:31:48.433734912,0.1648853868934585,-0.22112131374612967,-0.6033736161991459,-0.3358134672334514,0.08665603278712303,-0.3480117316151346,-0.12171851605764414,-0.6638397752377891,-0.17623670370354072,-0.472564914000707,-0.3307620379339328
2020-04-07 16:11:33.975903488,0.23921526822586692,-0.47212473204049016,0.17031313471822307,0.014068919930340193,-0.47613761741849164,0.7204138207538904,0.36311095166129037,0.15816760115206693,0.14751377782512184,-0.7103737478094312,-0.09488876003393046
2020-04-08 03:51:19.518072320,-0.24741980123490687,-0.7683129816640029,-0.1554039594714151,-0.25325566752182654,-0.04933646411022466,0.015103570961503929,0.09720836620510245,0.3235686448659515,-0.10247925992404437,-0.5333339410649813,-0.170425830575827
2020-04-08 15:31:05.060240896,0.24747403413132876,-0.07071158880159789,-0.3733596407355639,0.044575755469601436,0.2429913963590816,-0.1898210766107341,0.1674451610466586,0.241739360599956,-0.3168608851906564,0.058282607912176765,-0.45165309027487394
2020-04-09 03:10:50.602409728,0.2094897150897485,-0.290087265316806,0.10089370500703629,-0.1015782154156799,0.5122785995661165,0.23392924730019635,0.2874213733602853,0.24955164471457703,0.3985687537795689,0.43301554120975505,0.16512984443213433
2020-04-09 14:50:36.144578304,0.8271814731372457,0.5818837516734217,0.47034201482093635,0.712422201100531,0.12882116919002154,0.32362791141552705,0.5376308714324135,0.09727439165026674,0.14109304357252953,0.6450745129639363,0.45075607909889787
2020-04-10 02:30:21.686746880,0.4100148976162082,0.3469114669820652,0.26794740955679563,0.25150309918774727,0.4199135245244096,0.22939990604439114,0.021875593326220688,0.06018245781284021,0.22309797639998147,0.17630711166548804,0.429688748471741
2020-04-10 14:10:07.228915712,0.48903752061152883,0.7115546074263313,0.7452007205441237,0.6292844314346093,1.1574082084322526,0.5452567629190037,0.9037913686162511,0.6527716585735382,0.8039722454062401,0.9019596471815612,0.8263884101633888
2020-04-11 01:49:52.771084288,-0.23007852297415987,1.0961185191111533,0.8843407018721652,1.498399711431408,0.08428611049307222,1.1521974957080678,0.9711284425648092,0.7532204711674901,0.5035272718786905,0.7385910450496974,0.6015362804573319
2020-04-11 13:29:38.313253120,0.5954636919943453,0.9021425449222764,0.686442426692698,0.6629446616570762,0.0029747200001996044,1.0451594931185535,1.3608087443746817,1.1261698030589549,1.0509781283187085,0.8286575907873064,1.2134395383101246
2020-04-12 01:09:23.855421696,0.8747044382030573,1.2236729299175846,1.0977399216755754,0.8836981574505389,1.0265996090668474,1.0174776979468,1.1110975082019992,0.5230988726855761,0.9126997232328056,0.5532950760682014,0.8400200678936752
2020-04-12 12:49:09.397590272,0.4311926621893494,0.9037613965057489,0.8961800480199176,1.135707199896297,0.9740739456111103,1.2756183904895817,0.41816532657661554,1.1694129712240184,1.0490022861158181,0.5422710406748583,0.8494406044006954
2020-04-13 00:28:54.939759104,0.3036366610200114,0.7763675422108213,0.7521311321632229,0.8570944925118595,0.8511958545208347,1.2226968182881293,1.156146720870793,0.870431214397375,0.6746893630091413,1.142541558576605,0.34162353788840694
2020-04-13 12:08:40.481927680,0.4701355267707217,0.9448395696336285,0.9385651765195969,1.2378292154278983,0.9679598215667291,0.3163889340453889,0.9805187064035331,1.4369470958049515,1.8293284433818484,1.0397404994695814,0.8722692728417948
2020-04-13 23:48:26.024096512,1.1862058146307493,0.8573733928974985,1.0379360679442435,0.9989324146636249,0.5476500538473594,1.6540663270941147,0.8439970164591875,0.7924351664894131,1.0556368342868798,0.49944580784465464,1.326412032686474
2020-04-14 11:28:11.566265088,0.8652467511344258,1.3610349079675588,1.0642425108346176,0.7422248456271808,1.0025923407782975,0.7337234093298345,1.6297152739604108,0.674933269176301,0.9742902900074785,1.2134383598508092,1.0806070937841514
2020-04-14 23:07:57.108433664,0.6194212806638666,1.2077143457547193,0.9399865404193692,0.6637941016037389,0.6147297505910001,0.9658293032217125,1.0358962684887965,0.9056648213152708,0.6665011728207537,0.9192274927694828,0.633844466919251
2020-04-15 10:47:42.650602496,0.5942746831638535,0.30686692603926125,0.731447585811959,1.1001372312816653,0.583050218310132,-0.045427040350043135,0.249703389027971,0.4443537326899029,0.054840354250168366,0.7100278372672602,0.2892456246517495
2020-04-15 22:27:28.192771072,0.47492233500664555,0.23559576709091565,-0.1022312574557489,-8.162182805676599e-05,-0.15851633070779336,-0.18028528303126246,0.3570982425326171,0.5069141188360353,0.8896635538634424,0.9985492144529401,0.12478148700272329
2020-04-16 10:07:13.734939648,0.08615659615819693,0.7646576638196052,0.6559892401749503,0.6306778891871224,0.7553035864979025,0.18053081827282366,-0.14803475030998603,0.1740779548674897,0.9865489764497591,0.8193166772387841,0.8118739330095621
2020-04-16 21:46:59.277108480,-0.15661163788378257,0.629540087018953,0.5719387850476194,0.5820709222879852,0.05550757140764356,0.7343223787012874,0.30111229490253233,-0.25277115166961583,0.6952468522570961,0.17864305111315115,0.44944923313677326
2020-04-17 09:26:44.819277056,0.6482917001929211,-0.16961865625034128,0.26615416964438277,0.5011780689176918,0.37076320089898707,0.11684150715226618,0.336977227015433,0.2981490378351996,0.10281993780726362,0.44442316692280437,0.24545345865269916
2020-04-17 21:06:30.361445888,-0.4841035693411515,-0.3798234189827361,-0.13842178325602317,-0.24314764176888762,-0.15446459904344753,-0.20172182781710427,-0.09556803539878109,-0.17731732890363022,-0.13052395764372954,-0.17077447513519936,0.1053950986422715
2020-04-18 08:46:15.903614464,1.5144522243106553,-0.0021558060089115205,-0.19857897805844313,-0.18902403622402036,-0.21504285240613757,-0.7999590375038583,-0.4270069506866364,-0.32009734898961023,-0.4448167008133808,0.3712628426335346,-0.22906690787118744
2020-04-18 20:26:01.445783040,0.6657325362679021,-0.20754213178396075,-0.5136010389371293,-0.3209708007908303,-0.4136788841249816,0.3886134850798158,0.2091380192515671,-0.7835864933661099,-0.36563210213263875,-0.5032575080669717,0.0369668198816655
2020-04-19 08:05:46.987951872,-1.0561174694166846,-0.2029746614908415,-0.20586963499005506,-0.21770286516341272,-0.588672043345158,-0.7753063202982089,-0.6855966704412098,-0.5546578035984634,-0.13654144280177716,-0.10413431043008042,-0.5584082546173108
2020-04-19 19:45:32.530120448,0.19169028907435015,-0.7149139673659686,-0.6754974685786238,-0.26426135783562305,-0.7010401230415702,-0.5181517196049813,-0.741152752000835,-1.127590794735017,-0.789955673693305,-0.64095952439984,-0.46933671434317814
2020-04-20 07:25:18.072289280,-0.806923541262889,-0.6268276105411105,-0.44607245126418177,-0.6699850122361931,-0.9394217329319816,-0.44367584159669454,-0.639384798759053,-0.8563304166327699,-1.1756629167863466,-0.2570782416565645,-1.1840712730728793
2020-04-20 19:05:03.614457856,-0.5611859503028902,-0.6533816278611992,-0.7924151510839934,-1.0474044090276564,-0.7059688250217856,-0.5953129808854382,-0.29612838668350594,-0.744820567333301,-0.5386447727924185,-0.5978073580245784,-1.1175435757720922
2020-04-21 06:44:49.156626432,-0.18249794916022122,-0.7587253311954749,-1.5789119692495346,-0.5597789975162712,-1.136725782882944,-1.070529305274586,-1.0399125669008633,-1.1436680309068181,-1.1728188567866622,-0.9099639454432361,-0.5311619351691248
2020-04-21 18:24:34.698795264,-1.7681903737853935,-1.1322114699276593,-0.7730095017762689,-0.7785158282714558,-0.942667552482667,-1.2024805369065472,-1.1017390993434828,-1.0133788015711505,-1.2379912203085552,-1.0133951399988137,-0.2549424937186511
2020-04-22 06:04:20.240963840,-1.5097642127115596,-0.7778273838212267,-0.9428988852008594,-0.4711896392374987,-0.6603294097086909,-0.6115096045063901,-1.2738621057149437,-0.5085099705819698,-0.8638121219065952,-1.3139211337677212,-0.7103968728562802
2020-04-22 17:44:05.783132416,-0.26340995535251355,-0.9346946489449854,-1.48537540279016,-0.9958155815316962,-1.0130611021315636,-1.112039002966177,-0.9743637650742074,-0.9061188790079572,-0.7099292312501935,-1.1163375470385026,-0.9052249533283692
2020-04-23 05:23:51.325301248,-1.2560064144569478,-0.6837668268896067,-1.1992236030652017,-0.8104847248086741,-0.9068140020171224,-0.775094460387916,-1.3005169354864892,-1.1455470926236846,-1.1808475718728735,-0.38042445811392556,-1.1835421689331678
2020-04-23 17:03:36.867469824,-1.3387392873825266,-0.6294956379168832,-0.8925431553292476,-0.7824058562092531,-0.9203551219537769,-1.304931645524759,-0.9740719357481024,-1.5402476925815374,-1.4134388605440864,-1.113285117613481,-0.761319993333448
2020-04-24 04:43:22.409638656,-1.3495387592863097,-1.5169393427621767,-0.7933897413510801,-0.7346649312828997,-1.4870794926327608,-0.9386490756000953,-1.087740170545008,-1.194659732370392,-0.33782951391054905,-1.1486032535805315,-1.3138283093297463
2020-04-24 16:23:07.951807232,-0.5073752791453812,-0.905553283537647,-1.2803816188609984,-0.9793087833672305,-0.36985451605004394,-1.009936901167635,-0.9006918881898908,-1.270042622968723,-0.5916400885576019,-0.7224211599878099,-1.2894362173097225
2020-04-25 04:02:53.493975808,-1.1009158727873745,-1.0243937853710374,-1.0988380876354091,-0.9433035851989575,-0.7339359065388207,-1.2659806845848431,-1.1334373191369003,-0.5828712564968592,-1.0036851394329593,-1.000741056704347,-0.6530161254608666
2020-04-25 15:42:39.036144640,-0.4760705434185739,-1.0693066281710808,-0.6142220851953875,-1.1042421776480076,-0.5266106887265505,-0.5658771551475197,-0.7692547840907893,-0.6683426793175327,-1.3268098360561524,-1.5587960361197446,-1.1370246790295833
2020-04-26 03:22:24.578313216,-0.4587536779586671,-0.5923352910782429,-0.8106516803984105,-0.7607900690748733,-0.7799678931881384,-1.2698857632936158,-0.31386082759497125,-0.8675780347890705,-1.0181493788554197,-0.7569388604297035,-0.9437306718002861
2020-04-26 15:02:10.120482048,-1.349843375025017,-0.3669574097906752,-1.130753270306439,-0.6831591410790447,-0.5010025936330225,-1.0236395113334482,-0.8020153628026696,-0.7227259283176413,-0.5133285915733966,-0.9092314243512596,-0.7546090015743407
2020-04-27 02:41:55.662650624,-1.0376544378894343,-0.2921129154352517,-0.48165219404396226,-1.0088579198403824,-0.2875128297044001,-1.2021851912261883,-0.540524655081981,-0.6645654063973273,-1.136344446430576,-0.5697917941383996,-0.25779178286121684
2020-04-27 14:21:41.204819200,-0.6954552652954352,-0.8560955902167781,-0.9573370152696914,-0.6026856747392332,-0.9174263564383854,-0.5005702858513246,-0.5446487348242309,-0.49982665945538796,-0.7780367971378782,-0.5098940651237103,-0.3431936255596123
2020-04-28 02:01:26.746988032,-0.5258830550068403,0.25112547742216373,-0.7661957081269444,-0.8976557453545688,-0.6887378241588087,-0.15271962433657488,-1.1957266241029632,-0.7646825458410519,-0.4848052280921544,-0.5275747333290266,-0.4683161000235925
2020-04-28 13:41:12.289156608,-0.5835098269476291,-0.6494687650279838,-0.7232271499243799,-0.37891345528018083,-0.35320765129811477,-0.3164308023294551,-0.6875129518846412,-0.21929136468847024,-0.023962694631397996,-0.24712612412825458,-0.5951211365313128
2020-04-29 01:20:57.831325184,-0.37124019711979084,-0.8696847278255889,-0.46527263774479005,-0.5066696521052042,-0.5809641571398629,-0.41351908279536764,-0.21533960023220375,-0.6279925832408293,-0.08876960017753494,-0.43516967178733296,-0.46983220064824416
2020-04-29 13:00:43.373494016,-0.38286141637707405,-0.4395335315565222,-0.7874794406248247,-0.7808188086917635,-0.3934475483619585,-0.5932375280992342,-0.03436000679335449,-0.11921597276844265,-0.4437684581480085,-0.44577778255263956,-0.31808758752220545
2020-04-30 00:40:28.915662592,-0.8526785559072236,-0.3903277188104186,-0.2395554269665889,0.5566163059914896,0.34217501327589456,-0.15419695348002738,0.33848883879661396,0.03717958298556628,-0.04123374636633569,-0.07123865616776014,-0.2828558467225961
2020-04-30 12:20:14.457831424,-0.16308373520374653,0.40269081946987606,-0.2606252830161314,0.04859691298438629,-0.00037685467348407,-0.2717260572177932,-0.2775798648791838,0.3735472446940757,-0.07436991275477133,-0.803478216167391,0.13565726089686392
2020-05-01 00:00:00.000000000,0.8477860588141424,-0.18069924002386523,-0.29238834931080726,0.11948820862722871,-0.0010212901813209593,-0.04867755846910319,0.5143817103538281,-0.40317305106227225,-0.0006865319073984383,0.09569142720251768,-0.18153375775401936
